{
  "oa_intercity_2011_m": 1.490633539999999,
  "oa_intercity_2024_m": 4.67047449,
  "oa_intercity_growth_x": 3.13,
  "oa_share_of_LD_2024_pct": 1.89,
  "total_rail_1994_m": 735.1,
  "total_rail_2024_m": 1728.7,
  "oa_sector_2024_m": 8.95
}